{
  "rmse": 537.2526046613706,
  "mae": 338.20348832447326,
  "r2": -0.09229136824125472,
  "mape": 0.1333126514719006
}