{"rmse": 421.1416088943076, "mae": 247.21269190679922, "r2": 0.3288219481569292, "mape": 0.09500211389097346}