{
  "rmse": 546.9673462676823,
  "mae": 315.1633367216159,
  "r2": -0.13215070707408172,
  "mape": 0.1177662280875706
}