{"rmse": 413.2324410353521, "mae": 239.1832165813565, "r2": 0.3537950807872471, "mape": 0.0924919930414317}