{
  "rmse": 310.90511607981733,
  "mae": 195.645882905967,
  "r2": 0.6342054930044944,
  "mape": 0.07737790234768792
}
