{"rmse": 203.34756826849286, "mae": 138.94628617603578, "r2": 0.8435197941159692, "mape": 0.05807819032603021}