{"loss": [0.038684580475091934, 0.007075982633978128, 0.0025435511488467455, 0.0016629742458462715, 0.0014266191283240914, 0.0011910974280908704, 0.0012744246050715446, 0.0012332475744187832, 0.0013352842070162296, 0.001571016851812601, 0.0010719725396484137, 0.0010892366990447044, 0.0009771599434316158, 0.0010760640725493431, 0.0012002985458821058, 0.0009391820640303195, 0.000947536202147603, 0.0008978914702311158, 0.0011014128103852272, 0.0010080320062115788, 0.0009791039628908038, 0.0009611888672225177, 0.0009125787764787674, 0.0009872176451608539, 0.0008985305903479457, 0.0012137151788920164], "val_loss": [0.03130418434739113, 0.006348224822431803, 0.0017152219079434872, 0.0023422755766659975, 0.00527152931317687, 0.003032137406989932, 0.005814386531710625, 0.0030427181627601385, 0.014281087554991245, 0.00511706480756402, 0.005035915412008762, 0.003151310607790947, 0.006186040583997965, 0.0010419038590043783, 0.002093956107273698, 0.003244418650865555, 0.006825332995504141, 0.003153340658172965, 0.0016532008303329349, 0.00482774106785655, 0.0026349108666181564, 0.003420415334403515, 0.006623178254812956, 0.005319638177752495, 0.008153027854859829, 0.010615605860948563]}