{"loss": [0.020261218771338463, 0.007054897956550121, 0.005093669518828392, 0.005021319724619389, 0.004935554228723049, 0.005092688836157322, 0.004908446688205004, 0.004886392038315535, 0.005524862557649612, 0.004882948938757181, 0.005346834193915129, 0.004290471319109201, 0.004577287007123232, 0.004716687835752964, 0.005098665598779917], "val_loss": [0.015942921862006187, 0.012220473028719425, 0.017486179247498512, 0.013262017630040646, 0.011078598909080029, 0.014584747143089771, 0.02270558476448059, 0.013311889953911304, 0.015366693027317524, 0.015001941472291946, 0.014166362583637238, 0.011939848773181438, 0.020917823538184166, 0.024325525388121605, 0.013530105352401733]}