{
  "loss": [
    1.1811506748199463,
    0.6891611218452454,
    0.7005375623703003,
    0.5398852825164795,
    0.4550495743751526,
    0.4004795253276825,
    0.3612860143184662,
    0.34924134612083435,
    0.31091323494911194,
    0.3125683665275574,
    0.283795028924942,
    0.2805419862270355,
    0.28127166628837585,
    0.24570734798908234,
    0.23819972574710846,
    0.24339339137077332,
    0.23787491023540497,
    0.22921538352966309,
    0.2575239837169647,
    0.22799593210220337,
    0.220077246427536,
    0.2011025846004486,
    0.21649789810180664,
    0.2040787637233734,
    0.193130224943161,
    0.2060932070016861,
    0.20559412240982056,
    0.20277869701385498,
    0.1827813684940338,
    0.19258663058280945,
    0.20341219007968903,
    0.19666214287281036,
    0.19481588900089264,
    0.18354369699954987,
    0.19094347953796387,
    0.19030866026878357,
    0.1936131864786148,
    0.21492482721805573,
    0.18483304977416992,
    0.19412657618522644,
    0.1920662373304367,
    0.18841668963432312,
    0.18439574539661407,
    0.19393683969974518,
    0.18685992062091827
  ],
  "root_mean_squared_error": [
    1.0868076086044312,
    0.8301572799682617,
    0.8369812369346619,
    0.7347688674926758,
    0.6745736002922058,
    0.6328344941139221,
    0.6010707020759583,
    0.5909664630889893,
    0.55759596824646,
    0.5590781569480896,
    0.532724142074585,
    0.5296621322631836,
    0.5303505063056946,
    0.4956887662410736,
    0.48805710673332214,
    0.49334916472435,
    0.4877242147922516,
    0.47876444458961487,
    0.5074682235717773,
    0.4774892032146454,
    0.469123899936676,
    0.4484446346759796,
    0.46529334783554077,
    0.451750785112381,
    0.43946585059165955,
    0.4539749026298523,
    0.453424870967865,
    0.45030954480171204,
    0.42752936482429504,
    0.4388469457626343,
    0.45101240277290344,
    0.44346606731414795,
    0.44137951731681824,
    0.4284200072288513,
    0.4369708001613617,
    0.43624380230903625,
    0.4400149881839752,
    0.4635998606681824,
    0.4299221336841583,
    0.4405979812145233,
    0.43825361132621765,
    0.4340699017047882,
    0.4294132590293884,
    0.44038259983062744,
    0.4322729706764221
  ],
  "val_loss": [
    3.335489511489868,
    1.8601560592651367,
    1.9125428199768066,
    1.5374174118041992,
    1.2037975788116455,
    1.0369280576705933,
    1.0148425102233887,
    0.9562649130821228,
    1.0210565328598022,
    0.9110922813415527,
    0.8238281607627869,
    0.7740355134010315,
    0.8014264106750488,
    0.8019940257072449,
    0.7009469866752625,
    0.6153483390808105,
    0.6995635032653809,
    0.6640869975090027,
    0.7913169860839844,
    0.6558279395103455,
    0.6575063467025757,
    0.662842333316803,
    0.6764717698097229,
    0.6559880375862122,
    0.574207603931427,
    0.600001335144043,
    0.5767200589179993,
    0.5869837999343872,
    0.5785438418388367,
    0.6066803336143494,
    0.6161623001098633,
    0.6138635277748108,
    0.6113454699516296,
    0.6104716658592224,
    0.6088048815727234,
    0.6087717413902283,
    0.6048399806022644,
    0.6302277445793152,
    0.6285245418548584,
    0.632782518863678,
    0.6183827519416809,
    0.6195069551467896,
    0.613115131855011,
    0.6319271326065063,
    0.6516980528831482
  ],
  "val_root_mean_squared_error": [
    1.8263322114944458,
    1.363875389099121,
    1.3829472064971924,
    1.2399263381958008,
    1.0971771478652954,
    1.0182965993881226,
    1.0073939561843872,
    0.9778879880905151,
    1.010473370552063,
    0.9545115232467651,
    0.90764981508255,
    0.8797928690910339,
    0.8952242136001587,
    0.8955411911010742,
    0.8372257947921753,
    0.7844414114952087,
    0.8363991379737854,
    0.8149153590202332,
    0.8895599842071533,
    0.8098320364952087,
    0.8108676671981812,
    0.8141512870788574,
    0.8224790096282959,
    0.8099308609962463,
    0.7577648758888245,
    0.7745975255966187,
    0.7594208717346191,
    0.7661486864089966,
    0.7606207132339478,
    0.7788968682289124,
    0.7849600911140442,
    0.7834944128990173,
    0.7818858623504639,
    0.7813268899917603,
    0.7802594900131226,
    0.7802382707595825,
    0.7777146100997925,
    0.7938688397407532,
    0.7927954196929932,
    0.7954762578010559,
    0.7863731384277344,
    0.787087619304657,
    0.7830166816711426,
    0.7949384450912476,
    0.8072781562805176
  ],
  "lr": [
    9.999999747378752e-05,
    9.999999747378752e-05,
    9.999999747378752e-05,
    9.999999747378752e-05,
    9.999999747378752e-05,
    9.999999747378752e-05,
    9.999999747378752e-05,
    9.999999747378752e-05,
    9.999999747378752e-05,
    9.999999747378752e-05,
    9.999999747378752e-05,
    9.999999747378752e-05,
    9.999999747378752e-05,
    9.999999747378752e-05,
    9.999999747378752e-05,
    9.999999747378752e-05,
    9.999999747378752e-05,
    9.999999747378752e-05,
    9.999999747378752e-05,
    4.999999873689376e-05,
    4.999999873689376e-05,
    4.999999873689376e-05,
    2.499999936844688e-05,
    2.499999936844688e-05,
    2.499999936844688e-05,
    2.499999936844688e-05,
    2.499999936844688e-05,
    2.499999936844688e-05,
    1.249999968422344e-05,
    1.249999968422344e-05,
    1.249999968422344e-05,
    9.999999747378752e-06,
    9.999999747378752e-06,
    9.999999747378752e-06,
    9.999999747378752e-06,
    9.999999747378752e-06,
    9.999999747378752e-06,
    9.999999747378752e-06,
    9.999999747378752e-06,
    9.999999747378752e-06,
    9.999999747378752e-06,
    9.999999747378752e-06,
    9.999999747378752e-06,
    9.999999747378752e-06,
    9.999999747378752e-06
  ]
}