{"loss": [0.06349916756153107, 0.00879912544041872, 0.005696855951100588, 0.0053606415167450905, 0.005236481316387653, 0.004580943379551172, 0.004486607853323221, 0.004462687764316797, 0.004493797663599253, 0.00495418393984437, 0.004495210945606232, 0.004170687403529882, 0.0044603412970900536, 0.004658968653529882, 0.004750681575387716, 0.004188761115074158], "val_loss": [0.0379803366959095, 0.017266975715756416, 0.017003530636429787, 0.018180856481194496, 0.015682842582464218, 0.019172407686710358, 0.01408703625202179, 0.009876742027699947, 0.010334612801671028, 0.021568315103650093, 0.013774178922176361, 0.0103820925578475, 0.017499126493930817, 0.011754024773836136, 0.010052858851850033, 0.010381377302110195]}