{"loss": [0.05350678414106369, 0.017285509034991264, 0.005489771254360676, 0.004121993202716112, 0.0029068097937852144, 0.0019488775869831443, 0.001368980621919036, 0.0013660669792443514, 0.0012185954255983233, 0.0011173395905643702, 0.0010424506617709994, 0.000929147528950125, 0.000896814395673573, 0.000869967567268759, 0.0008278981549665332, 0.0009550049435347319, 0.0009815091034397483, 0.0009409653721377254], "val_loss": [0.02985364943742752, 0.012825128622353077, 0.00697557395324111, 0.003917183261364698, 0.003120018169283867, 0.004209140781313181, 0.0060332040302455425, 0.003629951039329171, 0.003196640172973275, 0.002480213763192296, 0.005132429767400026, 0.004016699735075235, 0.004214821849018335, 0.004445900209248066, 0.00298871542327106, 0.005279678385704756, 0.007688902784138918, 0.0055548991076648235]}