{
  "loss": [
    1.170669674873352,
    0.6795915365219116,
    0.6969776153564453,
    0.7028071284294128,
    0.6304920315742493,
    0.5673745274543762,
    0.5366461277008057,
    0.44480815529823303,
    0.4164651036262512,
    0.3554230332374573,
    0.3048672378063202,
    0.27575206756591797,
    0.2795417010784149,
    0.2658330798149109,
    0.24567532539367676,
    0.24877995252609253,
    0.24099723994731903,
    0.2589285969734192,
    0.22231841087341309,
    0.22726885974407196,
    0.21591585874557495,
    0.21824592351913452,
    0.21586008369922638,
    0.23494857549667358,
    0.20459596812725067,
    0.2036883383989334,
    0.20132313668727875,
    0.18238788843154907,
    0.1901760697364807,
    0.1874854564666748,
    0.18311406672000885,
    0.18455004692077637,
    0.19128426909446716,
    0.17933069169521332,
    0.1712176501750946,
    0.17753249406814575,
    0.16691772639751434,
    0.16248595714569092,
    0.19899766147136688,
    0.1836244761943817,
    0.17394611239433289,
    0.1662866622209549,
    0.17730563879013062,
    0.1584746241569519,
    0.17098762094974518,
    0.19581389427185059,
    0.1939595341682434,
    0.16663186252117157,
    0.16740857064723969,
    0.1661042720079422,
    0.1528097689151764,
    0.13296502828598022,
    0.12510240077972412,
    0.11852715909481049,
    0.11914581060409546,
    0.10918023437261581,
    0.10365325957536697,
    0.09651217609643936,
    0.09768671542406082,
    0.09612494707107544
  ],
  "root_mean_squared_error": [
    1.0819748640060425,
    0.8243734240531921,
    0.834851861000061,
    0.8383359313011169,
    0.7940352559089661,
    0.7532426714897156,
    0.7325613498687744,
    0.666939377784729,
    0.6453410983085632,
    0.5961736440658569,
    0.5521478652954102,
    0.5251209735870361,
    0.528717041015625,
    0.5155900120735168,
    0.49565646052360535,
    0.49877846240997314,
    0.4909147024154663,
    0.5088502764701843,
    0.4715065360069275,
    0.4767272472381592,
    0.4646674692630768,
    0.4671679735183716,
    0.46460744738578796,
    0.48471495509147644,
    0.4523228704929352,
    0.4513184428215027,
    0.4486904740333557,
    0.42706894874572754,
    0.436091810464859,
    0.43299591541290283,
    0.42791828513145447,
    0.42959287762641907,
    0.43736058473587036,
    0.4234745502471924,
    0.41378453373908997,
    0.4213460385799408,
    0.40855565667152405,
    0.4030954837799072,
    0.44609153270721436,
    0.4285142719745636,
    0.4170684814453125,
    0.4077826142311096,
    0.42107677459716797,
    0.3980887234210968,
    0.41350650787353516,
    0.44250863790512085,
    0.4404083788394928,
    0.40820565819740295,
    0.409155935049057,
    0.4075589179992676,
    0.3909088969230652,
    0.3646436929702759,
    0.35369816422462463,
    0.3442777395248413,
    0.3451750576496124,
    0.33042433857917786,
    0.3219522535800934,
    0.3106640875339508,
    0.3125487267971039,
    0.3100402355194092
  ],
  "val_loss": [
    4.074061393737793,
    2.820810079574585,
    2.327881336212158,
    2.309302568435669,
    2.2251203060150146,
    2.0596349239349365,
    1.8798246383666992,
    1.5708813667297363,
    1.3778363466262817,
    1.15696382522583,
    0.9412088394165039,
    0.9056310653686523,
    0.8218705654144287,
    0.7860835194587708,
    0.8919658064842224,
    0.794274628162384,
    0.872631847858429,
    0.7471250891685486,
    0.8251604437828064,
    0.7760989665985107,
    0.6904253363609314,
    0.7200039029121399,
    0.652071475982666,
    0.7531757950782776,
    0.5771779417991638,
    0.6294949054718018,
    0.5846444964408875,
    0.5765568614006042,
    0.537467896938324,
    0.559205174446106,
    0.535215437412262,
    0.5737462043762207,
    0.6512625217437744,
    0.6175888180732727,
    0.6390196681022644,
    0.6556935906410217,
    0.5725198984146118,
    0.5284742116928101,
    0.680255115032196,
    0.43353739380836487,
    0.7380196452140808,
    0.49567142128944397,
    0.7713856101036072,
    0.4734548330307007,
    0.7247275710105896,
    0.5181642770767212,
    0.7927321791648865,
    0.5733265280723572,
    0.644398033618927,
    0.6289284229278564,
    0.6196805834770203,
    0.6163122057914734,
    0.568526566028595,
    0.5799762010574341,
    0.5395675897598267,
    0.5525965094566345,
    0.5988768935203552,
    0.5688173770904541,
    0.5974311232566833,
    0.5645559430122375
  ],
  "val_root_mean_squared_error": [
    2.018430471420288,
    1.679526686668396,
    1.5257395505905151,
    1.519639015197754,
    1.4916837215423584,
    1.4351428747177124,
    1.371066927909851,
    1.2533481121063232,
    1.173812747001648,
    1.07562255859375,
    0.9701591730117798,
    0.9516465067863464,
    0.9065707921981812,
    0.8866134881973267,
    0.9444394111633301,
    0.8912208676338196,
    0.9341476559638977,
    0.864363968372345,
    0.9083834290504456,
    0.8809648156166077,
    0.8309183716773987,
    0.8485304117202759,
    0.8075094223022461,
    0.867857038974762,
    0.7597222924232483,
    0.793407142162323,
    0.7646204829216003,
    0.7593134045600891,
    0.7331219911575317,
    0.7478002309799194,
    0.7315841913223267,
    0.757460355758667,
    0.8070083856582642,
    0.7858681678771973,
    0.7993870377540588,
    0.8097490668296814,
    0.756650447845459,
    0.7269623279571533,
    0.8247758150100708,
    0.658435583114624,
    0.8590806722640991,
    0.7040393352508545,
    0.8782855868339539,
    0.6880805492401123,
    0.8513092994689941,
    0.7198362946510315,
    0.890355110168457,
    0.757183313369751,
    0.8027440905570984,
    0.7930500507354736,
    0.7871979475021362,
    0.7850555181503296,
    0.7540069818496704,
    0.7615616917610168,
    0.7345526218414307,
    0.7433683276176453,
    0.7738713622093201,
    0.7541998028755188,
    0.7729367017745972,
    0.7513693571090698
  ]
}