{"loss": [0.02301713265478611, 0.005587227176874876, 0.0029660582076758146, 0.001634970773011446, 0.0012826385209336877, 0.0010516411857679486, 0.0009260179940611124, 0.0008673709235154092, 0.0008214195840992033, 0.0007825522916391492], "val_loss": [0.048493821173906326, 0.006169082131236792, 0.010429794900119305, 0.011809303425252438, 0.007519342005252838, 0.006927806418389082, 0.010574627667665482, 0.008520158939063549, 0.011165156960487366, 0.012095075100660324]}