{"loss": [0.014283266849815845, 0.002869795309379697, 0.001372351311147213, 0.0013177107321098447, 0.0010961556108668447, 0.0009311708272434771, 0.0008063605055212975, 0.0007488825358450413, 0.0008086376474238932, 0.0007018402102403343, 0.000748201331589371, 0.0007887004176154733, 0.0007984393159858882], "val_loss": [0.0036663245409727097, 0.004311930388212204, 0.00039258584729395807, 0.0069879270158708096, 0.0026138981338590384, 0.008739081211388111, 0.003225944237783551, 0.008548691868782043, 0.00984980445355177, 0.0022245084401220083, 0.002201522933319211, 0.001592692919075489, 0.003771418472751975]}