{"loss": [0.02141627110540867, 0.008928203955292702, 0.004872975405305624, 0.003443023655563593, 0.0030871659982949495, 0.003013220615684986, 0.0029236378613859415, 0.0028742654249072075, 0.0028078288305550814, 0.0027784830890595913, 0.00266509922221303, 0.002844701986759901, 0.0031153508462011814, 0.0028465851210057735, 0.002821063157171011, 0.002820046618580818, 0.0026508523151278496, 0.002792665269225836, 0.0027595199644565582, 0.002668095286935568, 0.0025379920843988657, 0.0025974318850785494, 0.0025192981120198965], "val_loss": [0.09201318770647049, 0.025603054091334343, 0.03361746296286583, 0.01349217165261507, 0.012554786168038845, 0.01358370203524828, 0.012228650040924549, 0.013154781423509121, 0.01252406369894743, 0.013032551854848862, 0.01741519756615162, 0.020207462832331657, 0.018870454281568527, 0.012712792493402958, 0.00953623279929161, 0.017618628218770027, 0.018440039828419685, 0.017485780641436577, 0.020727885887026787, 0.017970332875847816, 0.020277850329875946, 0.01297734398394823, 0.013174019753932953]}