{"loss": [0.014834529720246792, 0.0021023692097514868, 0.0014388797571882606, 0.0010663240682333708, 0.001185436500236392, 0.001056921435520053, 0.0009549228707328439, 0.0008145012543536723, 0.000847311457619071, 0.0007601570687256753, 0.0007360877352766693, 0.0007757966523058712, 0.0008534923545084894, 0.0010869944235309958, 0.0009421193390153348, 0.0007521452498622239], "val_loss": [0.010829739272594452, 0.0032475099433213472, 0.005374567583203316, 0.007258981931954622, 0.009162825532257557, 0.0024483075831085443, 0.010379080660641193, 0.006836526095867157, 0.011520120315253735, 0.006718794349581003, 0.010134469717741013, 0.004666741471737623, 0.010703876614570618, 0.012198363430798054, 0.00713032903149724, 0.009808284230530262]}