{
  "rmse": 308.79289067651206,
  "mae": 174.54433341039717,
  "r2": 0.639158874792703,
  "mape": 0.065787543452197
}
