{
  "rmse": 488.6154403494173,
  "mae": 281.82972566632094,
  "r2": 0.09652567422984693,
  "mape": 0.10843553735419709
}