{
    "rmse": 480.1190910946557,
    "mae": 275.8480955523617,
    "r2": 0.1276728432506754,
    "mape": 0.1070218808199712
}