{
  "rmse": 345.5512631910854,
  "mae": 209.09834824067715,
  "r2": 0.5481373841455685,
  "mape": 0.08004735964280515
}