{
  "rmse": 300.33684919124204,
  "mae": 198.07399212772634,
  "r2": 0.6586509622401354,
  "mape": 0.07802522551258591
}