{"rmse": 417.90451414822166, "mae": 272.198292580405, "r2": 0.3391002812579693, "mape": 0.10766437517887355}