{"rmse": 414.96207116133166, "mae": 271.1246209632246, "r2": 0.3483742352595701, "mape": 0.10787804466069707}