{"rmse": 483.195069022754, "mae": 311.2879373055805, "r2": 0.11645956494034182, "mape": 0.12218034237213299}