{
  "rmse": 401.9738181321131,
  "mae": 283.1676763366307,
  "r2": 0.3885274349600193,
  "mape": 0.11581983500604097
}