{"rmse": 159.08811557098048, "mae": 123.18364172616599, "r2": 0.9042239509744633, "mape": 0.05461858843266066}