{"rmse": 244.46578127494334, "mae": 148.88405590900112, "r2": 0.773839061154159, "mape": 0.05964158804679398}