{
  "rmse": 427.81116653360317,
  "mae": 253.37680998984504,
  "r2": 0.3073949168108703,
  "mape": 0.09707460813756068
}