{"rmse": 268.8862321955095, "mae": 169.59698197681703, "r2": 0.726398437354541, "mape": 0.0671977444984043}