{"rmse": 296.5212756579772, "mae": 203.32714714750344, "r2": 0.6672690791277385, "mape": 0.08455082896485228}