{
  "rmse": 167.69194390599253,
  "mae": 91.81765157844296,
  "r2": 0.8935842670491309,
  "mape": 0.035481296225023475
}
