{
  "rmse": 538.7347185556414,
  "mae": 305.03088026002735,
  "r2": -0.09832626959705948,
  "mape": 0.11306338248691916
}