{"loss": [0.034065622836351395, 0.006802912335842848, 0.003287817817181349, 0.00222988985478878, 0.0017071538604795933, 0.001506641274318099, 0.0013222777051851153, 0.001225349260494113, 0.0011369409039616585, 0.0011160887079313397, 0.001009231200441718, 0.0012285568518564105, 0.0011512263445183635, 0.0010578976944088936, 0.0010283696465194225, 0.0009755025384947658, 0.0009590727277100086, 0.000976621638983488, 0.0009974704589694738, 0.0010876123560592532, 0.001160315820015967, 0.001018055249005556, 0.0010515650501474738], "val_loss": [0.07236701995134354, 0.016567178070545197, 0.007506372407078743, 0.00855790451169014, 0.0038979772944003344, 0.005265928339213133, 0.005646838340908289, 0.007303925231099129, 0.00756309786811471, 0.007004732731729746, 0.0031968040857464075, 0.00891176424920559, 0.0087646609172225, 0.006270044948905706, 0.004715937655419111, 0.007425876334309578, 0.0035416241735219955, 0.00581151619553566, 0.0038998166564852, 0.008578051812946796, 0.008221682161092758, 0.004004396498203278, 0.004481800831854343]}