{"loss": [0.033800456672906876, 0.008325114846229553, 0.0056831082329154015, 0.004915222059935331, 0.0054441639222204685, 0.004832713399082422, 0.004782204981893301, 0.004792586900293827, 0.004854903090745211, 0.0049860719591379166, 0.005483175162225962, 0.00427542719990015, 0.0045883432030677795, 0.004207056947052479, 0.004546614829450846, 0.00432451581582427, 0.004584809299558401, 0.00442874152213335, 0.004861737135797739], "val_loss": [0.07057678699493408, 0.036792952567338943, 0.02069241739809513, 0.012569605372846127, 0.009879001416265965, 0.009875739924609661, 0.016963597387075424, 0.01840084232389927, 0.014603313989937305, 0.03327876701951027, 0.009815034456551075, 0.012863069772720337, 0.013381910510361195, 0.010691899806261063, 0.012841872870922089, 0.014105909503996372, 0.01616252213716507, 0.011582567356526852, 0.014506768435239792]}