{"loss": [0.022340096533298492, 0.003392039565369487, 0.0023475263733416796, 0.0018255162285640836, 0.0016852800035849214, 0.0012587265809997916, 0.0012472154339775443, 0.001113377744331956, 0.0009916262933984399, 0.0011764948721975088, 0.0010965400142595172, 0.001132237957790494, 0.0011227589566260576, 0.0009539169841445982, 0.0010062706423923373, 0.0009912539971992373, 0.0010105024557560682, 0.0010606686118990183, 0.0009433237719349563, 0.0010910100536420941, 0.0010778282303363085, 0.0010004295036196709], "val_loss": [0.006105164065957069, 0.003208000911399722, 0.001119517837651074, 0.0043726712465286255, 0.0025636048521846533, 0.0031662769615650177, 0.001327039790339768, 0.003049328923225403, 0.002242145361378789, 0.000958470453042537, 0.0013739652931690216, 0.001612459309399128, 0.0035396565217524767, 0.004436465911567211, 0.0025462096091359854, 0.004195837769657373, 0.0012419299455359578, 0.0044305711053311825, 0.004625130910426378, 0.003723577596247196, 0.0036884595174342394, 0.00337187759578228]}