{
  "loss": [
    1.0887211561203003,
    0.7495660781860352,
    0.7233402132987976,
    0.7375565767288208,
    0.6836695671081543,
    0.607974112033844,
    0.5430968403816223,
    0.492836594581604,
    0.45164361596107483,
    0.43024271726608276,
    0.4114411771297455,
    0.41257596015930176,
    0.41104981303215027,
    0.39663758873939514,
    0.3960406482219696,
    0.3832923173904419,
    0.3881463408470154,
    0.3744790554046631,
    0.3793235123157501,
    0.3614107370376587,
    0.3699566125869751,
    0.34729164838790894,
    0.3390594720840454,
    0.3517947494983673,
    0.33230486512184143,
    0.31654658913612366,
    0.31613442301750183,
    0.32562583684921265,
    0.2953287661075592,
    0.29809635877609253,
    0.28316882252693176,
    0.2932697534561157,
    0.2800999581813812,
    0.3080027401447296,
    0.2742043733596802,
    0.3473145067691803,
    0.2686241865158081,
    0.3477388024330139,
    0.30607327818870544,
    0.2478196620941162,
    0.24224241077899933,
    0.2400003969669342,
    0.24023157358169556,
    0.23708979785442352,
    0.2310936003923416,
    0.24220798909664154,
    0.23429104685783386,
    0.22838814556598663,
    0.2299744039773941,
    0.22950692474842072,
    0.23162731528282166,
    0.2270979881286621,
    0.2291659116744995,
    0.2204650640487671,
    0.22200722992420197,
    0.2284984588623047,
    0.21887663006782532,
    0.22879938781261444
  ],
  "root_mean_squared_error": [
    1.043418049812317,
    0.8657748699188232,
    0.8504940867424011,
    0.8588111400604248,
    0.8268431425094604,
    0.7797269225120544,
    0.7369510531425476,
    0.7020232081413269,
    0.6720443367958069,
    0.655928909778595,
    0.6414368152618408,
    0.6423207521438599,
    0.6411316394805908,
    0.6297916769981384,
    0.629317581653595,
    0.6191060543060303,
    0.6230139136314392,
    0.6119469404220581,
    0.6158924698829651,
    0.6011744737625122,
    0.6082406044006348,
    0.5893145799636841,
    0.5822881460189819,
    0.5931228995323181,
    0.5764589309692383,
    0.5626247525215149,
    0.5622583031654358,
    0.5706363320350647,
    0.5434415936470032,
    0.5459820032119751,
    0.532136082649231,
    0.5415438413619995,
    0.5292447209358215,
    0.5549799203872681,
    0.523645281791687,
    0.5893339514732361,
    0.5182896852493286,
    0.5896938443183899,
    0.5532388687133789,
    0.4978148937225342,
    0.49218127131462097,
    0.48989835381507874,
    0.49013423919677734,
    0.48691868782043457,
    0.48072195053100586,
    0.4921463131904602,
    0.4840362071990967,
    0.4778997302055359,
    0.47955647110939026,
    0.4790688157081604,
    0.4812767505645752,
    0.4765479862689972,
    0.4787127673625946,
    0.46953707933425903,
    0.4711764454841614,
    0.47801512479782104,
    0.4678425192832947,
    0.47832977771759033
  ],
  "val_loss": [
    3.8323323726654053,
    2.8840649127960205,
    2.265660285949707,
    2.0277371406555176,
    1.895774006843567,
    1.6310151815414429,
    1.3491601943969727,
    1.1422582864761353,
    0.9624302983283997,
    0.8874783515930176,
    0.874946117401123,
    0.8466803431510925,
    0.8699116706848145,
    0.8486378788948059,
    0.8375374674797058,
    0.8427086472511292,
    0.7956793308258057,
    0.8213129639625549,
    0.766486644744873,
    0.8500505089759827,
    0.7488086819648743,
    0.8036326766014099,
    0.7161828875541687,
    0.7476806640625,
    0.6851332187652588,
    0.6377768516540527,
    0.6324260234832764,
    0.549846351146698,
    0.5442389845848083,
    0.5304864645004272,
    0.5273849368095398,
    0.5126457214355469,
    0.5736727118492126,
    0.6104348301887512,
    0.4612142741680145,
    0.5276337265968323,
    0.5536100268363953,
    0.39754006266593933,
    0.6706203818321228,
    0.47378775477409363,
    0.4350294768810272,
    0.41727009415626526,
    0.43473732471466064,
    0.4348318576812744,
    0.435029000043869,
    0.46150848269462585,
    0.4450995624065399,
    0.4323839247226715,
    0.421000599861145,
    0.4327503442764282,
    0.4371545612812042,
    0.4398164749145508,
    0.4302177131175995,
    0.416671484708786,
    0.42032507061958313,
    0.4316987991333008,
    0.4354197680950165,
    0.43896615505218506
  ],
  "val_root_mean_squared_error": [
    1.9576343297958374,
    1.6982535123825073,
    1.5052109956741333,
    1.4239863157272339,
    1.376871109008789,
    1.2771120071411133,
    1.1615335941314697,
    1.0687648057937622,
    0.9810352921485901,
    0.9420607089996338,
    0.935385525226593,
    0.9201523661613464,
    0.9326905608177185,
    0.9212154150009155,
    0.9151707291603088,
    0.9179916381835938,
    0.8920086026191711,
    0.9062631726264954,
    0.8754922151565552,
    0.9219818115234375,
    0.8653373122215271,
    0.8964556455612183,
    0.8462758660316467,
    0.8646852970123291,
    0.827727735042572,
    0.7986093163490295,
    0.7952522039413452,
    0.7415162324905396,
    0.737725555896759,
    0.7283450365066528,
    0.726212739944458,
    0.71599280834198,
    0.7574118375778198,
    0.7813032865524292,
    0.67912757396698,
    0.7263839840888977,
    0.7440497279167175,
    0.63050776720047,
    0.8189141750335693,
    0.6883224248886108,
    0.659567654132843,
    0.6459644436836243,
    0.6593461632728577,
    0.6594178080558777,
    0.6595672965049744,
    0.6793441772460938,
    0.6671578288078308,
    0.6575590372085571,
    0.6488456130027771,
    0.6578376293182373,
    0.6611766219139099,
    0.6631866097450256,
    0.6559098362922668,
    0.6455009579658508,
    0.6483248472213745,
    0.6570379137992859,
    0.6598634719848633,
    0.6625452041625977
  ],
  "lr": [
    9.999999747378752e-05,
    9.999999747378752e-05,
    9.999999747378752e-05,
    9.999999747378752e-05,
    9.999999747378752e-05,
    9.999999747378752e-05,
    9.999999747378752e-05,
    9.999999747378752e-05,
    9.999999747378752e-05,
    9.999999747378752e-05,
    9.999999747378752e-05,
    9.999999747378752e-05,
    9.999999747378752e-05,
    9.999999747378752e-05,
    9.999999747378752e-05,
    9.999999747378752e-05,
    9.999999747378752e-05,
    9.999999747378752e-05,
    9.999999747378752e-05,
    9.999999747378752e-05,
    9.999999747378752e-05,
    9.999999747378752e-05,
    9.999999747378752e-05,
    9.999999747378752e-05,
    9.999999747378752e-05,
    9.999999747378752e-05,
    9.999999747378752e-05,
    9.999999747378752e-05,
    9.999999747378752e-05,
    9.999999747378752e-05,
    9.999999747378752e-05,
    9.999999747378752e-05,
    9.999999747378752e-05,
    9.999999747378752e-05,
    9.999999747378752e-05,
    9.999999747378752e-05,
    9.999999747378752e-05,
    9.999999747378752e-05,
    9.999999747378752e-05,
    9.999999747378752e-05,
    9.999999747378752e-05,
    4.999999873689376e-05,
    4.999999873689376e-05,
    4.999999873689376e-05,
    2.499999936844688e-05,
    2.499999936844688e-05,
    2.499999936844688e-05,
    1.249999968422344e-05,
    1.249999968422344e-05,
    1.249999968422344e-05,
    9.999999747378752e-06,
    9.999999747378752e-06,
    9.999999747378752e-06,
    9.999999747378752e-06,
    9.999999747378752e-06,
    9.999999747378752e-06,
    9.999999747378752e-06,
    9.999999747378752e-06
  ]
}