{"loss": [0.028167393058538437, 0.00475113932043314, 0.0028906187508255243, 0.0021442759316414595, 0.0016086840769276023, 0.0016544839600101113, 0.00152784981764853, 0.0012048293137922883, 0.0011409339495003223, 0.001250934088602662, 0.001042822259478271, 0.0009832467185333371, 0.0009931313106790185, 0.001010191859677434, 0.0010380843887105584, 0.0011502424022182822, 0.000971078232396394], "val_loss": [0.030452638864517212, 0.008724749088287354, 0.004934739321470261, 0.0032875125762075186, 0.0018681635847315192, 0.004509738180786371, 0.006301311310380697, 0.004587692674249411, 0.006733944173902273, 0.004789342172443867, 0.005776991602033377, 0.001874004490673542, 0.007381729315966368, 0.0047758533619344234, 0.006475582253187895, 0.004167291801422834, 0.0031924545764923096]}