{"loss": [0.03210299462080002, 0.006549594458192587, 0.0028955121524631977, 0.002072735456749797, 0.00162032269872725, 0.0015946200583130121, 0.0017070872709155083, 0.0013500036438927054, 0.001308139180764556, 0.0013301499420776963, 0.0012383019784465432, 0.0013509662821888924, 0.0010464789811521769, 0.0010259561240673065, 0.0010007622186094522, 0.0010526112746447325, 0.001029693172313273, 0.0009580607293173671], "val_loss": [0.053028423339128494, 0.009163334034383297, 0.005271437112241983, 0.003125908086076379, 0.00292921531945467, 0.002279201289638877, 0.006082954350858927, 0.00625005504116416, 0.008638083934783936, 0.00681711733341217, 0.0038331791292876005, 0.007234697695821524, 0.007174577098339796, 0.0037069518584758043, 0.006208149250596762, 0.004871809389442205, 0.007053488865494728, 0.005875882226973772]}